R2 [Ohm],V(R2) [V], I(R2) [mA],P(R2) [mW]
1.4,0.009,7.00,0.063
225.8,1.272,5.70,7.2504
533,2.413,4.49,10.83437
754,2.962,3.98,11.78876
976,3.406,3.48,11.85288
1215,3.750,3.14,11.775
1564,4.20,2.68,11.256000000000002
1716,4.39,2.57,11.2823
1973,4.60,2.34,10.764
2291,4.82,2.12,10.2184
2458,4.93,2.01,9.909299999999998
2721,5.07,1.87,9.480900000000002
3052,5.22,1.72,8.978399999999999
3265,5.31,1.63,8.655299999999999
3583,5.42,1.52,8.2384
3787,5.49,1.45,7.9605
4040,5.56,1.38,7.672799999999999
